{
  "fit_intercept": true,
  "a_": 2.9476215947367015,
  "b_": -0.3910145662833155,
  "fitted": true
}